{"cameraMode":{"drawMode":0,"name":"Shaded","section":"Shading Mode"},"sceneLighting":true,"audioPlay":false,"sceneViewState":{"m_AlwaysRefresh":false,"showFog":true,"showSkybox":true,"showFlares":true,"showImageEffects":true,"showParticleSystems":true,"showVisualEffectGraphs":true,"m_FxEnabled":true},"in2DMode":false,"pivot":{"x":38.94185256958008,"y":53.60037612915039,"z":7.032857418060303},"rotation":{"x":0.06864411383867264,"y":-0.10159993171691895,"z":0.006860990077257156,"w":0.9925305843353272},"size":68.76721954345703,"orthographic":false}