{"cameraMode":{"drawMode":0,"name":"Shaded","section":"Shading Mode"},"sceneLighting":false,"audioPlay":false,"sceneViewState":{"m_AlwaysRefresh":false,"showFog":true,"showSkybox":false,"showFlares":true,"showImageEffects":true,"showParticleSystems":true,"showVisualEffectGraphs":true,"m_FxEnabled":true},"in2DMode":false,"pivot":{"x":488.1442565917969,"y":165.2602081298828,"z":-30.142728805541993},"rotation":{"x":0.02730780467391014,"y":-0.0008748887339606881,"z":-0.000018203299987362698,"w":0.9996546506881714},"size":114.39828491210938,"orthographic":false}