{"cameraMode":{"drawMode":0,"name":"Shaded","section":"Shading Mode"},"sceneLighting":false,"audioPlay":false,"sceneViewState":{"m_AlwaysRefresh":false,"showFog":true,"showSkybox":false,"showFlares":true,"showImageEffects":true,"showParticleSystems":true,"showVisualEffectGraphs":true,"m_FxEnabled":true},"in2DMode":false,"pivot":{"x":47.58830261230469,"y":34.04665756225586,"z":3.2626729011535646},"rotation":{"x":0.036027271300554278,"y":0.0014910136815160514,"z":-0.0002149286010535434,"w":0.9994272589683533},"size":34.261234283447269,"orthographic":false}