{"cameraMode":{"drawMode":0,"name":"Shaded","section":"Shading Mode"},"sceneLighting":false,"audioPlay":false,"sceneViewState":{"m_AlwaysRefresh":false,"showFog":true,"showSkybox":false,"showFlares":true,"showImageEffects":true,"showParticleSystems":true,"showVisualEffectGraphs":true,"m_FxEnabled":true},"in2DMode":false,"pivot":{"x":-15.999523162841797,"y":18.611644744873048,"z":-22.56056785583496},"rotation":{"x":-0.038623131811618808,"y":0.9571821093559265,"z":-0.24520497024059297,"w":-0.14993251860141755},"size":2.6970531940460207,"orthographic":false}